Browser,Avg Power (W),Max Power (W),Min Power (W),Total Energy (Wh)
Firefox,31.988433333333333,64.606,1.217,0.5331405555555556
Chrome,39.102783333333335,65.457,0.3,0.6517130555555556
Chromium,32.9619,64.172,1.19,0.549365
Brave,30.3716,64.351,0.393,0.5061933333333334
Opera,32.190083333333334,61.607,0.255,0.5365013888888889
Vivaldi,32.43933333333333,64.845,0.008,0.5406555555555556
Edge,33.88153333333334,62.927,1.448,0.5646922222222223
