Browser,Avg Power (W),Max Power (W),Min Power (W),Total Energy (Wh)
Firefox,31.139766666666667,65.194,0.013,0.5189961111111111
Chrome,31.272100000000002,64.938,0.897,0.5212016666666667
Chromium,33.40088333333333,62.639,2.553,0.556681388888889
Brave,32.4218,62.497,0.983,0.5403633333333333
Opera,31.583066666666664,64.681,0.198,0.5263844444444444
Vivaldi,29.401166666666665,61.006,0.325,0.49001944444444445
Edge,32.03766666666667,63.933,0.859,0.5339611111111111
