Browser,Avg Power (W),Max Power (W),Min Power (W),Total Energy (Wh)
Firefox,31.022883333333333,65.127,0.013,0.5170480555555556
Chrome,32.195483333333335,65.043,0.569,0.5365913888888889
Chromium,31.203833333333332,62.13,1.923,0.5200638888888889
Brave,35.79766666666667,65.013,1.956,0.5966277777777779
Opera,33.794783333333335,64.371,1.638,0.5632463888888889
Vivaldi,33.55003333333333,64.37,0.19,0.5591672222222223
Edge,33.16578333333333,65.406,0.737,0.5527630555555555
