Browser,Avg Power (W),Max Power (W),Min Power (W),Total Energy (Wh)
Firefox,35.61235,65.329,0.311,0.5935391666666666
Chrome,30.420333333333335,65.247,2.588,0.5070055555555556
Chromium,38.350833333333334,65.156,0.011,0.6391805555555556
Brave,30.295583333333333,64.974,0.038,0.5049263888888889
Opera,29.79845,64.624,1.313,0.4966408333333333
Vivaldi,30.6478,61.74,1.018,0.5107966666666667
Edge,31.733116666666668,65.215,1.533,0.5288852777777778
