Browser,Avg Power (W),Max Power (W),Min Power (W),Total Energy (Wh)
Firefox,30.56625,65.022,1.268,0.5094375
Chrome,36.822633333333336,65.212,1.842,0.6137105555555556
Chromium,32.518116666666664,64.74,1.115,0.541968611111111
Brave,36.92698333333333,65.052,3.133,0.6154497222222223
Opera,29.302983333333334,62.423,0.964,0.48838305555555556
Vivaldi,36.62778333333333,65.338,0.072,0.6104630555555556
Edge,34.691916666666664,64.322,0.002,0.578198611111111
