Browser,Avg Power (W),Max Power (W),Min Power (W),Total Energy (Wh)
Firefox,35.29600000000001,64.667,0.7,0.5882666666666667
Chrome,33.943616666666664,65.153,0.732,0.5657269444444444
Chromium,32.51435,65.375,1.244,0.5419058333333333
Brave,29.709766666666667,63.245,0.4,0.4951627777777778
Opera,32.36228333333334,64.966,0.441,0.5393713888888889
Vivaldi,31.88585,60.441,0.205,0.5314308333333333
Edge,31.871316666666665,65.511,0.754,0.5311886111111112
