Browser,Avg Power (W),Max Power (W),Min Power (W),Total Energy (Wh)
Firefox,33.562533333333334,63.461,2.178,0.5593755555555555
Chrome,31.969949999999997,65.165,1.976,0.5328324999999999
Chromium,30.503683333333335,64.973,1.091,0.5083947222222223
Brave,32.95816666666666,65.266,1.057,0.5493027777777778
Opera,31.196016666666665,64.64,0.137,0.5199336111111111
Vivaldi,34.401650000000004,65.151,1.34,0.5733608333333334
Edge,31.829333333333334,64.453,0.509,0.5304888888888889
