Browser,Avg Power (W),Max Power (W),Min Power (W),Total Energy (Wh)
Firefox,36.83841666666667,65.376,1.246,0.613973611111111
Chrome,36.83846666666667,64.997,2.935,0.6139744444444445
Chromium,33.89018333333333,64.022,1.024,0.5648363888888889
Brave,33.5747,63.848,1.117,0.5595783333333333
Opera,36.78556666666667,65.293,3.181,0.6130927777777778
Vivaldi,30.977083333333333,65.08,0.741,0.5162847222222222
Edge,31.883066666666664,63.868,1.719,0.5313844444444444
