Browser,Avg Power (W),Max Power (W),Min Power (W),Total Energy (Wh)
Firefox,35.725233333333335,65.46,0.82,0.5954205555555556
Chrome,30.615566666666666,60.897,1.708,0.5102594444444445
Chromium,33.7218,65.42,1.821,0.56203
Brave,33.45465,64.297,0.453,0.5575775
Opera,33.29351666666667,61.031,6.073,0.5548919444444445
Vivaldi,33.1477,64.854,1.207,0.5524616666666667
Edge,34.84003333333333,65.343,0.724,0.5806672222222222
