Browser,Avg Power (W),Max Power (W),Min Power (W),Total Energy (Wh)
Firefox,31.29105,65.477,0.616,0.5215175
Chrome,32.21633333333333,63.815,1.758,0.5369388888888889
Chromium,34.36416666666666,65.137,0.839,0.5727361111111111
Brave,33.16036666666667,65.098,0.118,0.5526727777777778
Opera,29.580583333333333,65.51,0.912,0.4930097222222222
Vivaldi,29.99866666666667,65.253,0.455,0.4999777777777778
Edge,30.520283333333335,65.318,0.222,0.508671388888889
