Browser,Avg Power (W),Max Power (W),Min Power (W),Total Energy (Wh)
Firefox,33.59775,64.851,2.745,0.5599625
Chrome,30.082766666666668,64.57,0.448,0.5013794444444445
Chromium,34.8855,64.4,3.097,0.5814250000000001
Brave,29.9057,63.035,1.82,0.4984283333333333
Opera,36.28156666666666,64.814,1.966,0.6046927777777777
Vivaldi,31.7294,64.942,1.313,0.5288233333333333
Edge,31.821833333333334,64.893,1.036,0.5303638888888889
