Browser,Avg Power (W),Max Power (W),Min Power (W),Total Energy (Wh)
Firefox,31.823516666666666,64.561,0.975,0.5303919444444445
Chrome,37.30166666666666,65.426,1.707,0.6216944444444444
Chromium,35.36803333333333,64.641,0.512,0.5894672222222221
Brave,27.603066666666667,61.853,4.507,0.4600511111111111
Opera,32.9388,64.095,0.767,0.54898
Vivaldi,30.034766666666666,64.031,1.842,0.5005794444444445
Edge,32.001850000000005,64.614,0.327,0.5333641666666668
