Browser,Avg Power (W),Max Power (W),Min Power (W),Total Energy (Wh)
Firefox,30.378783333333335,65.222,0.086,0.5063130555555556
Chrome,32.916016666666664,65.073,0.628,0.5486002777777778
Chromium,35.050266666666666,63.558,1.614,0.5841711111111111
Brave,35.31465,63.774,0.41,0.5885775
Opera,33.191583333333334,65.154,1.202,0.5531930555555555
Vivaldi,32.89515,63.671,0.452,0.5482525
Edge,29.557233333333333,65.013,1.463,0.49262055555555556
