Browser,Avg Power (W),Max Power (W),Min Power (W),Total Energy (Wh)
Firefox,30.6559,64.715,2.764,0.5109316666666667
Chrome,31.779866666666667,64.5,1.008,0.5296644444444444
Chromium,28.95665,65.039,0.164,0.4826108333333333
Brave,28.6651,62.495,0.559,0.47775166666666663
Opera,28.82535,64.9,0.125,0.4804225
Vivaldi,30.656333333333336,65.399,0.018,0.5109388888888889
Edge,36.333216666666665,63.747,1.018,0.6055536111111111
