Browser,Avg Power (W),Max Power (W),Min Power (W),Total Energy (Wh)
Firefox,34.04991666666667,65.292,0.093,0.5674986111111111
Chrome,31.5974,65.456,0.356,0.5266233333333333
Chromium,33.32358333333333,64.495,0.445,0.5553930555555555
Brave,32.47881666666667,64.588,1.984,0.5413136111111111
Opera,31.389866666666666,64.5,1.017,0.5231644444444444
Vivaldi,32.07985,64.347,1.907,0.5346641666666666
Edge,35.24743333333333,65.021,3.296,0.5874572222222222
