Browser,Avg Power (W),Max Power (W),Min Power (W),Total Energy (Wh)
Firefox,35.700633333333336,64.591,1.181,0.5950105555555556
Chrome,30.2503,65.419,0.966,0.5041716666666667
Chromium,31.42945,63.542,1.352,0.5238241666666666
Brave,31.602933333333333,63.638,0.684,0.5267155555555555
Opera,33.63041666666667,64.923,0.358,0.5605069444444445
Vivaldi,28.93955,64.874,1.503,0.48232583333333334
Edge,35.05496666666667,64.714,0.707,0.5842494444444445
