Browser,Avg Power (W),Max Power (W),Min Power (W),Total Energy (Wh)
Firefox,31.240616666666664,63.102,0.525,0.5206769444444445
Chrome,34.664300000000004,64.741,0.043,0.5777383333333334
Chromium,34.91115,65.245,1.096,0.5818525
Brave,31.690133333333332,63.415,0.606,0.5281688888888889
Opera,32.96815,64.258,0.178,0.5494691666666667
Vivaldi,34.313433333333336,60.969,0.396,0.5718905555555556
Edge,30.225283333333334,65.375,1.587,0.5037547222222223
