Browser,Avg Power (W),Max Power (W),Min Power (W),Total Energy (Wh)
Firefox,33.31433333333333,64.901,2.97,0.5552388888888888
Chrome,37.355466666666665,65.429,0.22,0.6225911111111111
Chromium,36.9025,65.327,4.879,0.6150416666666667
Brave,33.219633333333334,64.014,3.196,0.5536605555555556
Opera,35.349783333333335,65.214,1.094,0.5891630555555556
Vivaldi,30.779816666666665,64.427,0.056,0.5129969444444444
Edge,28.977983333333334,63.216,1.243,0.48296638888888893
