Browser,Avg Power (W),Max Power (W),Min Power (W),Total Energy (Wh)
Firefox,33.06075,65.385,1.712,0.5510125
Chrome,35.8439,65.262,1.479,0.5973983333333334
Chromium,31.587183333333332,61.906,1.579,0.5264530555555555
Brave,35.9656,64.45,0.64,0.5994266666666667
Opera,31.69516666666667,63.635,1.803,0.5282527777777778
Vivaldi,32.29976666666667,65.415,0.593,0.5383294444444445
Edge,31.46333333333333,65.14,2.692,0.5243888888888889
