Browser,Avg Power (W),Max Power (W),Min Power (W),Total Energy (Wh)
Firefox,32.945433333333334,64.649,0.432,0.5490905555555556
Chrome,31.590683333333335,64.323,0.152,0.5265113888888889
Chromium,33.89268333333333,63.751,1.184,0.5648780555555555
Brave,31.990616666666664,65.166,1.263,0.5331769444444444
Opera,30.570033333333335,65.118,1.149,0.5095005555555555
Vivaldi,34.093583333333335,65.434,3.729,0.5682263888888889
Edge,37.38848333333333,64.175,1.722,0.6231413888888889
