Browser,Avg Power (W),Max Power (W),Min Power (W),Total Energy (Wh)
Firefox,37.18755,63.834,0.198,0.6197925000000001
Chrome,33.81941666666667,63.31,0.047,0.5636569444444445
Chromium,25.734199999999998,65.376,0.447,0.4289033333333333
Brave,30.993933333333334,65.37,2.746,0.5165655555555555
Opera,31.38158333333333,65.517,0.288,0.5230263888888889
Vivaldi,32.291383333333336,65.203,0.344,0.5381897222222222
Edge,33.4891,65.451,0.086,0.5581516666666667
