Browser,Avg Power (W),Max Power (W),Min Power (W),Total Energy (Wh)
Firefox,32.93725,64.706,1.013,0.5489541666666666
Chrome,35.07355,65.346,0.746,0.5845591666666666
Chromium,26.886950000000002,60.924,0.618,0.4481158333333334
Brave,27.594633333333334,64.236,0.424,0.4599105555555556
Opera,33.84641666666667,63.917,0.7,0.5641069444444444
Vivaldi,32.11825,64.692,1.269,0.5353041666666667
Edge,38.4349,65.3,2.817,0.6405816666666667
