Browser,Avg Power (W),Max Power (W),Min Power (W),Total Energy (Wh)
Firefox,36.09804999999999,65.36,2.19,0.6016341666666666
Chrome,30.48293333333333,64.291,0.101,0.5080488888888889
Chromium,27.64126666666667,64.985,0.37,0.4606877777777778
Brave,32.883183333333335,64.985,1.085,0.5480530555555555
Opera,34.01866666666667,65.519,1.282,0.5669777777777778
Vivaldi,31.857866666666666,65.287,0.116,0.5309644444444445
Edge,29.256149999999998,64.117,0.457,0.4876025
