Browser,Avg Power (W),Max Power (W),Min Power (W),Total Energy (Wh)
Firefox,33.29933333333334,63.304,1.341,0.5549888888888889
Chrome,37.70175,65.261,0.745,0.6283625
Chromium,34.6647,64.062,5.96,0.5777450000000001
Brave,32.42935,65.483,0.163,0.5404891666666667
Opera,32.93418333333333,64.776,0.101,0.5489030555555555
Vivaldi,33.324333333333335,65.535,1.8,0.5554055555555556
Edge,31.331116666666667,65.129,1.795,0.5221852777777778
