Browser,Avg Power (W),Max Power (W),Min Power (W),Total Energy (Wh)
Firefox,34.27053333333333,64.8,0.446,0.5711755555555555
Chrome,31.071283333333334,65.312,0.297,0.5178547222222223
Chromium,37.642633333333336,64.471,0.362,0.6273772222222223
Brave,34.23115,64.256,1.433,0.5705191666666667
Opera,33.74451666666667,65.321,0.163,0.5624086111111112
Vivaldi,30.991516666666666,64.553,0.404,0.5165252777777778
Edge,31.568883333333336,63.792,0.139,0.5261480555555555
